ok,timestamp,error_msg,modo,centro_x,centro_y,amplitud_um,wtr,rtr,wgc,n_pre,n_post,n_total,speedupdown,dco,vco,svo,confirmar_lazo_abierto,drc_tablas,drc_fuentes,drc_opciones,tabla,wavegen,eje,leer_recorder_completo,t_extra_grabacion_s,carga_rapida,wos,etiqueta,repeticion,t_asentamiento_s,guardar_figura,estricto,notas,t_servo_us,dt_grabacion_us,duracion_wave_ms,ventana_grabada_ms,n_puntos_wave,n_muestras_pedidas,coherencia_ok,coherencia_bloqueantes,coherencia_avisos,duracion_host_ms,muestras_leidas,ventana_real_ms,ventana_post_wave_ms,error_max_nm,error_rms_nm,t_escalon_ms,x_inicial_um,x_final_um,salto_nm,suavizado_muestras,suavizado_ms,t_subida_10_90_ms,t_50_ms,tau_desde_subida_ms,f_3db_hz,sobrepico_nm,sobrepico_pct,bump_lento_nm,bump_lento_t_ms,t_primer_cruce_ms,ts_5nm_ms,asento_en_ventana,error_final_nm,ruido_final_nm_rms,ventana_post_escalon_ms,tol_bajo_ruido,archivo
True,20260909_171236,,escalon,100.0,100.0,0.005,1,1,1,2000,6192,400,0,False,False,True,False,"(1, 2, 3)","('A', 'A', 'A')","(1, 2, 3)",1,1,A,True,0.0,True,0.0,ampfino_0.01um,0,0.5,False,True,amplitud del escalon: ¿tau(A) o tau constante?,39.999984,39.999984,327.679868928,327.679868928,8192,8192,True,,,341.42279624938965,8192,327.639868944,-0.03999998400001914,18.0,5.999069039918037,79.99996800000001,99.995,100.0049,9.900000000001796,25,0.9999996000001232,106.19995751999998,31.199987519999993,48.33862426945834,3.2956698681737855,0.0,0.0,-9.140000000004989,167.359933056,137.439945024,,False,-4.285000000006877,1.5782751405749897,247.63990094399998,False,E517_escalon_ampfino_0.01um_20260909_171236_r0
True,20260909_171243,,escalon,100.0,100.0,0.005,1,1,1,2000,6192,400,0,False,False,True,False,"(1, 2, 3)","('A', 'A', 'A')","(1, 2, 3)",1,1,A,True,0.0,True,0.0,ampfino_0.01um,1,0.5,False,True,amplitud del escalon: ¿tau(A) o tau constante?,39.999984,39.999984,327.679868928,327.679868928,8192,8192,True,,,335.1881504058838,8192,327.639868944,-0.03999998400001914,17.9,5.7079160098744675,79.99996800000001,99.995,100.0049,9.900000000001796,25,0.9999996000001232,161.59993536000002,26.279989487999984,73.55481809740556,2.1658424504953957,0.0,0.0,,,,,False,-4.009193548393712,2.004847993905145,247.63990094399998,True,E517_escalon_ampfino_0.01um_20260909_171243_r1
True,20260909_171250,,escalon,100.0,100.0,0.005,1,1,1,2000,6192,400,0,False,False,True,False,"(1, 2, 3)","('A', 'A', 'A')","(1, 2, 3)",1,1,A,True,0.0,True,0.0,ampfino_0.01um,2,0.5,False,True,amplitud del escalon: ¿tau(A) o tau constante?,39.999984,39.999984,327.679868928,327.679868928,8192,8192,True,,,341.4647579193115,8192,327.639868944,-0.03999998400001914,14.8,7.147760384597753,79.99996800000001,99.995,100.0049,9.900000000001796,25,0.9999996000001232,,21.079991567999997,,,0.0,0.0,,,,,False,-6.194193548393931,0.5411443918779737,247.63990094399998,False,E517_escalon_ampfino_0.01um_20260909_171250_r2
True,20260909_171257,,escalon,100.0,100.0,0.005,1,1,1,2000,6192,400,0,False,False,True,False,"(1, 2, 3)","('A', 'A', 'A')","(1, 2, 3)",1,1,A,True,0.0,True,0.0,ampfino_0.01um,3,0.5,False,True,amplitud del escalon: ¿tau(A) o tau constante?,39.999984,39.999984,327.679868928,327.679868928,8192,8192,True,,,342.3900604248047,8192,327.639868944,-0.03999998400001914,15.7,5.705010390410127,79.99996800000001,99.995,100.0049,9.900000000001796,25,0.9999996000001232,,25.479989807999985,,,0.0,0.0,,,,,False,-6.180483870973915,0.9476574299699398,247.63990094399998,False,E517_escalon_ampfino_0.01um_20260909_171257_r3
True,20260909_171304,,escalon,100.0,100.0,0.005,1,1,1,2000,6192,400,0,False,False,True,False,"(1, 2, 3)","('A', 'A', 'A')","(1, 2, 3)",1,1,A,True,0.0,True,0.0,ampfino_0.01um,4,0.5,False,True,amplitud del escalon: ¿tau(A) o tau constante?,39.999984,39.999984,327.679868928,327.679868928,8192,8192,True,,,341.8138027191162,8192,327.639868944,-0.03999998400001914,14.4,6.297417877497739,79.99996800000001,99.995,100.0049,9.900000000001796,25,0.9999996000001232,,20.79999167999999,,,0.0,0.0,,,,240.79990368,True,-4.299838709683963,1.3006759928985139,247.63990094399998,False,E517_escalon_ampfino_0.01um_20260909_171304_r4
True,20260909_171311,,escalon,100.0,100.0,0.005,1,1,1,2000,6192,400,0,False,False,True,False,"(1, 2, 3)","('A', 'A', 'A')","(1, 2, 3)",1,1,A,True,0.0,True,0.0,ampfino_0.01um,5,0.5,False,True,amplitud del escalon: ¿tau(A) o tau constante?,39.999984,39.999984,327.679868928,327.679868928,8192,8192,True,,,340.67416191101074,8192,327.639868944,-0.03999998400001914,17.0,7.438478139461727,79.99996800000001,99.995,100.0049,9.900000000001796,25,0.9999996000001232,,44.99998199999999,,,0.0,0.0,,,,,False,-7.889838709684318,0.8886433878445834,247.63990094399998,False,E517_escalon_ampfino_0.01um_20260909_171311_r5
True,20260909_171318,,escalon,100.0,100.0,0.005,1,1,1,2000,6192,400,0,False,False,True,False,"(1, 2, 3)","('A', 'A', 'A')","(1, 2, 3)",1,1,A,True,0.0,True,0.0,ampfino_0.01um,6,0.5,False,True,amplitud del escalon: ¿tau(A) o tau constante?,39.999984,39.999984,327.679868928,327.679868928,8192,8192,True,,,341.5510654449463,8192,327.639868944,-0.03999998400001914,17.9,6.651181131890692,79.99996800000001,99.995,100.0049,9.900000000001796,25,0.9999996000001232,,27.799988879999987,,,0.0,0.0,,,,,False,-5.969516129038418,1.3282378909298245,247.63990094399998,False,E517_escalon_ampfino_0.01um_20260909_171318_r6
True,20260909_171326,,escalon,100.0,100.0,0.005,1,1,1,2000,6192,400,0,False,False,True,False,"(1, 2, 3)","('A', 'A', 'A')","(1, 2, 3)",1,1,A,True,0.0,True,0.0,ampfino_0.01um,7,0.5,False,True,amplitud del escalon: ¿tau(A) o tau constante?,39.999984,39.999984,327.679868928,327.679868928,8192,8192,True,,,442.54016876220703,8192,327.639868944,-0.03999998400001914,17.7,7.335494695102369,79.99996800000001,99.995,100.0049,9.900000000001796,25,0.9999996000001232,,51.439979423999986,,,0.0,0.0,,,,,False,-6.856451612909216,1.6605887964466162,247.63990094399998,False,E517_escalon_ampfino_0.01um_20260909_171326_r7
True,20260909_171422,,escalon,100.0,100.0,0.01,1,1,1,2000,6192,400,0,False,False,True,False,"(1, 2, 3)","('A', 'A', 'A')","(1, 2, 3)",1,1,A,True,0.0,True,0.0,ampfino_0.02um,0,0.5,False,True,amplitud del escalon: ¿tau(A) o tau constante?,39.999984,39.999984,327.679868928,327.679868928,8192,8192,True,,,338.7746810913086,8192,327.639868944,-0.03999998400001914,28.9,8.488809628918276,79.99996800000001,99.9899,100.0099,19.99999999999602,25,0.9999996000001232,,29.67998812799999,,,0.0,0.0,,,,,False,-6.58612903225994,0.7702750971477997,247.63990094399998,False,E517_escalon_ampfino_0.02um_20260909_171422_r0
True,20260909_171518,,escalon,100.0,100.0,0.01,1,1,1,2000,6192,400,0,False,False,True,False,"(1, 2, 3)","('A', 'A', 'A')","(1, 2, 3)",1,1,A,True,0.0,True,0.0,ampfino_0.02um,1,0.5,False,True,amplitud del escalon: ¿tau(A) o tau constante?,39.999984,39.999984,327.679868928,327.679868928,8192,8192,True,,,342.2079086303711,8192,327.639868944,-0.03999998400001914,24.299999999999997,8.133670403838678,79.99996800000001,99.9899,100.0099,19.99999999999602,25,0.9999996000001232,,20.039991983999997,,,0.0,0.0,,,,241.159903536,True,-5.505967741937533,1.527145724374146,247.63990094399998,False,E517_escalon_ampfino_0.02um_20260909_171518_r1
True,20260909_171615,,escalon,100.0,100.0,0.01,1,1,1,2000,6192,400,0,False,False,True,False,"(1, 2, 3)","('A', 'A', 'A')","(1, 2, 3)",1,1,A,True,0.0,True,0.0,ampfino_0.02um,2,0.5,False,True,amplitud del escalon: ¿tau(A) o tau constante?,39.999984,39.999984,327.679868928,327.679868928,8192,8192,True,,,442.43788719177246,8192,327.639868944,-0.03999998400001914,25.5,8.444459224933382,79.99996800000001,99.9899,100.0099,19.99999999999602,25,0.9999996000001232,,19.799992079999996,,,0.0,0.0,,,,,False,-6.360483870969713,0.7218053696638772,247.63990094399998,False,E517_escalon_ampfino_0.02um_20260909_171615_r2
True,20260909_171711,,escalon,100.0,100.0,0.01,1,1,1,2000,6192,400,0,False,False,True,False,"(1, 2, 3)","('A', 'A', 'A')","(1, 2, 3)",1,1,A,True,0.0,True,0.0,ampfino_0.02um,3,0.5,False,True,amplitud del escalon: ¿tau(A) o tau constante?,39.999984,39.999984,327.679868928,327.679868928,8192,8192,True,,,339.17999267578125,8192,327.639868944,-0.03999998400001914,26.599999999999998,8.52866375634249,79.99996800000001,99.9899,100.0099,19.99999999999602,25,0.9999996000001232,,25.119989951999983,,,0.0,0.0,,,,,False,-6.422903225808685,1.1989745445074564,247.63990094399998,False,E517_escalon_ampfino_0.02um_20260909_171711_r3
True,20260909_171808,,escalon,100.0,100.0,0.01,1,1,1,2000,6192,400,0,False,False,True,False,"(1, 2, 3)","('A', 'A', 'A')","(1, 2, 3)",1,1,A,True,0.0,True,0.0,ampfino_0.02um,4,0.5,False,True,amplitud del escalon: ¿tau(A) o tau constante?,39.999984,39.999984,327.679868928,327.679868928,8192,8192,True,,,341.0608768463135,8192,327.639868944,-0.03999998400001914,26.599999999999998,8.732423403950326,79.99996800000001,99.9899,100.0099,19.99999999999602,25,0.9999996000001232,,22.319991071999993,,,0.0,0.0,,,,,False,-6.597741935485971,1.004904776992759,247.63990094399998,False,E517_escalon_ampfino_0.02um_20260909_171808_r4
True,20260909_171905,,escalon,100.0,100.0,0.01,1,1,1,2000,6192,400,0,False,False,True,False,"(1, 2, 3)","('A', 'A', 'A')","(1, 2, 3)",1,1,A,True,0.0,True,0.0,ampfino_0.02um,5,0.5,False,True,amplitud del escalon: ¿tau(A) o tau constante?,39.999984,39.999984,327.679868928,327.679868928,8192,8192,True,,,342.27728843688965,8192,327.639868944,-0.03999998400001914,29.0,9.54929247726795,79.99996800000001,99.9899,100.0099,19.99999999999602,25,0.9999996000001232,,26.039989583999997,,,0.0,0.0,,,,,False,-8.450000000001909,1.0629159527356704,247.63990094399998,False,E517_escalon_ampfino_0.02um_20260909_171905_r5
True,20260909_172001,,escalon,100.0,100.0,0.01,1,1,1,2000,6192,400,0,False,False,True,False,"(1, 2, 3)","('A', 'A', 'A')","(1, 2, 3)",1,1,A,True,0.0,True,0.0,ampfino_0.02um,6,0.5,False,True,amplitud del escalon: ¿tau(A) o tau constante?,39.999984,39.999984,327.679868928,327.679868928,8192,8192,True,,,340.6059741973877,8192,327.639868944,-0.03999998400001914,25.8,9.302922337291218,79.99996800000001,99.9899,100.0099,19.99999999999602,25,0.9999996000001232,,18.51999259199998,,,0.0,0.0,,,,,False,-7.168548387098707,2.0286642250453872,247.63990094399998,True,E517_escalon_ampfino_0.02um_20260909_172001_r6
True,20260909_172058,,escalon,100.0,100.0,0.01,1,1,1,2000,6192,400,0,False,False,True,False,"(1, 2, 3)","('A', 'A', 'A')","(1, 2, 3)",1,1,A,True,0.0,True,0.0,ampfino_0.02um,7,0.5,False,True,amplitud del escalon: ¿tau(A) o tau constante?,39.999984,39.999984,327.679868928,327.679868928,8192,8192,True,,,342.5309658050537,8192,327.639868944,-0.03999998400001914,27.900000000000002,9.578259901680505,79.99996800000001,99.9899,100.0099,19.99999999999602,25,0.9999996000001232,,25.359989855999984,,,0.0,0.0,,,,,False,-8.60774193548602,1.4544386117462367,247.63990094399998,False,E517_escalon_ampfino_0.02um_20260909_172058_r7
True,20260909_172105,,escalon,100.0,100.0,0.025,1,1,1,2000,6192,400,0,False,False,True,False,"(1, 2, 3)","('A', 'A', 'A')","(1, 2, 3)",1,1,A,True,0.0,True,0.0,ampfino_0.05um,0,0.5,False,True,amplitud del escalon: ¿tau(A) o tau constante?,39.999984,39.999984,327.679868928,327.679868928,8192,8192,True,,,344.3021774291992,8192,327.639868944,-0.03999998400001914,56.9,12.93213510632344,79.99996800000001,99.9749,100.025,50.10000000000048,25,0.9999996000001232,57.15997713600001,16.279993487999988,26.01728590623578,6.123165500350873,0.0,0.0,,,,,False,-8.126451612908857,1.3160094822368396,247.63990094399998,False,E517_escalon_ampfino_0.05um_20260909_172105_r0
True,20260909_172112,,escalon,100.0,100.0,0.025,1,1,1,2000,6192,400,0,False,False,True,False,"(1, 2, 3)","('A', 'A', 'A')","(1, 2, 3)",1,1,A,True,0.0,True,0.0,ampfino_0.05um,1,0.5,False,True,amplitud del escalon: ¿tau(A) o tau constante?,39.999984,39.999984,327.679868928,327.679868928,8192,8192,True,,,334.4268798828125,8192,327.639868944,-0.03999998400001914,56.5,13.120028773950798,79.99996800000001,99.9749,100.025,50.10000000000048,25,0.9999996000001232,71.51997139200002,15.479993807999989,32.55346899954484,4.8937379753922805,0.0,0.0,,,,,False,-8.652580645167426,1.4050289119789172,247.63990094399998,False,E517_escalon_ampfino_0.05um_20260909_172112_r1
True,20260909_172119,,escalon,100.0,100.0,0.025,1,1,1,2000,6192,400,0,False,False,True,False,"(1, 2, 3)","('A', 'A', 'A')","(1, 2, 3)",1,1,A,True,0.0,True,0.0,ampfino_0.05um,2,0.5,False,True,amplitud del escalon: ¿tau(A) o tau constante?,39.999984,39.999984,327.679868928,327.679868928,8192,8192,True,,,340.6949043273926,8192,327.639868944,-0.03999998400001914,54.199999999999996,12.481356409160826,79.99996800000001,99.9749,100.025,50.10000000000048,25,0.9999996000001232,135.59994576,16.159993535999988,61.72050330450614,2.5811219764015925,0.0,0.0,,,,,False,-7.1740322580712155,1.7095613092035722,247.63990094399998,True,E517_escalon_ampfino_0.05um_20260909_172119_r2
True,20260909_172126,,escalon,100.0,100.0,0.025,1,1,1,2000,6192,400,0,False,False,True,False,"(1, 2, 3)","('A', 'A', 'A')","(1, 2, 3)",1,1,A,True,0.0,True,0.0,ampfino_0.05um,3,0.5,False,True,amplitud del escalon: ¿tau(A) o tau constante?,39.999984,39.999984,327.679868928,327.679868928,8192,8192,True,,,338.90390396118164,8192,327.639868944,-0.03999998400001914,58.7,13.550799109061451,79.99996800000001,99.9749,100.025,50.10000000000048,25,0.9999996000001232,66.99997319999999,14.679994127999976,30.496118889394623,5.223882686568,0.0,0.0,,,,,False,-9.86983870968298,1.4921006970423372,247.63990094399998,False,E517_escalon_ampfino_0.05um_20260909_172126_r3
True,20260909_172133,,escalon,100.0,100.0,0.025,1,1,1,2000,6192,400,0,False,False,True,False,"(1, 2, 3)","('A', 'A', 'A')","(1, 2, 3)",1,1,A,True,0.0,True,0.0,ampfino_0.05um,4,0.5,False,True,amplitud del escalon: ¿tau(A) o tau constante?,39.999984,39.999984,327.679868928,327.679868928,8192,8192,True,,,338.7782573699951,8192,327.639868944,-0.03999998400001914,57.0,13.540863447733171,79.99996800000001,99.9749,100.025,50.10000000000048,25,0.9999996000001232,,16.959993215999987,,,0.0,0.0,,,,,False,-8.23241935484465,0.7492559437886018,247.63990094399998,False,E517_escalon_ampfino_0.05um_20260909_172133_r4
True,20260909_172140,,escalon,100.0,100.0,0.025,1,1,1,2000,6192,400,0,False,False,True,False,"(1, 2, 3)","('A', 'A', 'A')","(1, 2, 3)",1,1,A,True,0.0,True,0.0,ampfino_0.05um,5,0.5,False,True,amplitud del escalon: ¿tau(A) o tau constante?,39.999984,39.999984,327.679868928,327.679868928,8192,8192,True,,,341.68410301208496,8192,327.639868944,-0.03999998400001914,57.8,13.90289777011433,79.99996800000001,99.9749,100.025,50.10000000000048,25,0.9999996000001232,78.279968688,17.91999283199999,35.63039084569868,4.47113106796188,0.0,0.0,,,,,False,-9.426290322586658,2.3674136792325142,247.63990094399998,True,E517_escalon_ampfino_0.05um_20260909_172140_r5
True,20260909_172147,,escalon,100.0,100.0,0.025,1,1,1,2000,6192,400,0,False,False,True,False,"(1, 2, 3)","('A', 'A', 'A')","(1, 2, 3)",1,1,A,True,0.0,True,0.0,ampfino_0.05um,6,0.5,False,True,amplitud del escalon: ¿tau(A) o tau constante?,39.999984,39.999984,327.679868928,327.679868928,8192,8192,True,,,334.730863571167,8192,327.639868944,-0.03999998400001914,59.1,13.23719305703807,79.99996800000001,99.9749,100.025,50.10000000000048,25,0.9999996000001232,67.43997302399997,14.439994223999989,30.696391908966756,5.1898004151847,0.0,0.0,,,,,False,-7.864838709682938,2.081071949226299,247.63990094399998,True,E517_escalon_ampfino_0.05um_20260909_172147_r6
True,20260909_172154,,escalon,100.0,100.0,0.025,1,1,1,2000,6192,400,0,False,False,True,False,"(1, 2, 3)","('A', 'A', 'A')","(1, 2, 3)",1,1,A,True,0.0,True,0.0,ampfino_0.05um,7,0.5,False,True,amplitud del escalon: ¿tau(A) o tau constante?,39.999984,39.999984,327.679868928,327.679868928,8192,8192,True,,,334.7320556640625,8192,327.639868944,-0.03999998400001914,57.9,12.87144771421481,79.99996800000001,99.9749,100.025,50.10000000000048,25,0.9999996000001232,109.319956272,14.439994223999989,49.75874204460628,3.2016112330777164,0.0,0.0,,,,,False,-6.974354838715432,0.3881765518165246,247.63990094399998,False,E517_escalon_ampfino_0.05um_20260909_172154_r7
True,20260909_172250,,escalon,100.0,100.0,0.05,1,1,1,2000,6192,400,0,False,False,True,False,"(1, 2, 3)","('A', 'A', 'A')","(1, 2, 3)",1,1,A,True,0.0,True,0.0,ampfino_0.1um,0,0.5,False,True,amplitud del escalon: ¿tau(A) o tau constante?,39.999984,39.999984,327.679868928,327.679868928,8192,8192,True,,,342.257022857666,8192,327.639868944,-0.03999998400001914,110.9,22.26663550338544,79.99996800000001,99.9499,100.05,100.09999999999764,25,0.9999996000001232,47.31998107199999,14.159994335999997,21.538452923076918,7.396452662723077,0.0,0.0,,,,,False,-10.074999999997544,1.2676893508758902,247.63990094399998,False,E517_escalon_ampfino_0.1um_20260909_172250_r0
True,20260909_172347,,escalon,100.0,100.0,0.05,1,1,1,2000,6192,400,0,False,False,True,False,"(1, 2, 3)","('A', 'A', 'A')","(1, 2, 3)",1,1,A,True,0.0,True,0.0,ampfino_0.1um,1,0.5,False,True,amplitud del escalon: ¿tau(A) o tau constante?,39.999984,39.999984,327.679868928,327.679868928,8192,8192,True,,,341.5961265563965,8192,327.639868944,-0.03999998400001914,109.89999999999999,21.93768479489475,79.99996800000001,99.9499,100.05,100.09999999999764,25,0.9999996000001232,55.999977599999994,14.279994287999983,25.48929340009103,6.250002500001,0.0,0.0,,,,,False,-9.73919354838438,0.8463751901724916,247.63990094399998,False,E517_escalon_ampfino_0.1um_20260909_172347_r1
True,20260909_172443,,escalon,100.0,100.0,0.05,1,1,1,2000,6192,400,0,False,False,True,False,"(1, 2, 3)","('A', 'A', 'A')","(1, 2, 3)",1,1,A,True,0.0,True,0.0,ampfino_0.1um,2,0.5,False,True,amplitud del escalon: ¿tau(A) o tau constante?,39.999984,39.999984,327.679868928,327.679868928,8192,8192,True,,,339.48683738708496,8192,327.639868944,-0.03999998400001914,108.7,21.675308172549705,79.99996800000001,99.9499,100.05,100.09999999999764,25,0.9999996000001232,48.19998072,14.119994351999992,21.93899896222121,7.26141369294722,0.0,0.0,,,,,False,-9.737741935481175,1.6454908272116695,247.63990094399998,False,E517_escalon_ampfino_0.1um_20260909_172443_r2
True,20260909_172540,,escalon,100.0,100.0,0.05,1,1,1,2000,6192,400,0,False,False,True,False,"(1, 2, 3)","('A', 'A', 'A')","(1, 2, 3)",1,1,A,True,0.0,True,0.0,ampfino_0.1um,3,0.5,False,True,amplitud del escalon: ¿tau(A) o tau constante?,39.999984,39.999984,327.679868928,327.679868928,8192,8192,True,,,337.48888969421387,8192,327.639868944,-0.03999998400001914,110.5,22.035851248235794,79.99996800000001,99.9499,100.05,100.09999999999764,25,0.9999996000001232,60.11997595200002,14.71999411199998,27.364577128812023,5.821692282103391,0.0,0.0,,,,,False,-11.425322580642538,0.700221664769843,247.63990094399998,False,E517_escalon_ampfino_0.1um_20260909_172540_r3
True,20260909_172636,,escalon,100.0,100.0,0.05,1,1,1,2000,6192,400,0,False,False,True,False,"(1, 2, 3)","('A', 'A', 'A')","(1, 2, 3)",1,1,A,True,0.0,True,0.0,ampfino_0.1um,4,0.5,False,True,amplitud del escalon: ¿tau(A) o tau constante?,39.999984,39.999984,327.679868928,327.679868928,8192,8192,True,,,337.1927738189697,8192,327.639868944,-0.03999998400001914,111.8,21.97796834398705,79.99996800000001,99.9499,100.05,100.09999999999764,25,0.9999996000001232,43.239982704,13.319994671999993,19.681375832498862,8.094360314524884,0.0,0.0,,,,,False,-11.401290322577475,1.3994347751515088,247.63990094399998,False,E517_escalon_ampfino_0.1um_20260909_172636_r4
True,20260909_172732,,escalon,100.0,100.0,0.05,1,1,1,2000,6192,400,0,False,False,True,False,"(1, 2, 3)","('A', 'A', 'A')","(1, 2, 3)",1,1,A,True,0.0,True,0.0,ampfino_0.1um,5,0.5,False,True,amplitud del escalon: ¿tau(A) o tau constante?,39.999984,39.999984,327.679868928,327.679868928,8192,8192,True,,,338.55319023132324,8192,327.639868944,-0.03999998400001914,111.4,22.79055196859442,79.99996800000001,99.9499,100.05,100.09999999999764,25,0.9999996000001232,46.75998129599999,13.67999452799998,21.283559989076007,7.485032934132935,0.0,0.0,,,,,False,-13.257096774190696,2.9294441766625425,247.63990094399998,True,E517_escalon_ampfino_0.1um_20260909_172732_r5
True,20260909_172739,,escalon,100.0,100.0,0.1,1,1,1,2000,6192,400,0,False,False,True,False,"(1, 2, 3)","('A', 'A', 'A')","(1, 2, 3)",1,1,A,True,0.0,True,0.0,ampfino_0.2um,0,0.5,False,True,amplitud del escalon: ¿tau(A) o tau constante?,39.999984,39.999984,327.679868928,327.679868928,8192,8192,True,,,339.6017551422119,8192,327.639868944,-0.03999998400001914,213.0,37.7844351395963,79.99996800000001,99.9,100.0999,199.89999999999952,25,0.9999996000001232,31.039987583999988,12.83999486399999,14.128351198907595,11.275777706187375,0.0,0.0,,,,,False,-11.655161290327953,2.000336053973345,247.63990094399998,True,E517_escalon_ampfino_0.2um_20260909_172739_r0
True,20260909_172747,,escalon,100.0,100.0,0.1,1,1,1,2000,6192,400,0,False,False,True,False,"(1, 2, 3)","('A', 'A', 'A')","(1, 2, 3)",1,1,A,True,0.0,True,0.0,ampfino_0.2um,1,0.5,False,True,amplitud del escalon: ¿tau(A) o tau constante?,39.999984,39.999984,327.679868928,327.679868928,8192,8192,True,,,338.6819362640381,8192,327.639868944,-0.03999998400001914,210.7,37.66269224911002,79.99996800000001,99.9,100.0999,199.89999999999952,25,0.9999996000001232,27.119989151999988,12.679994927999985,12.344100660901223,12.905609882007969,0.0,0.0,,,,,False,-10.681451612909877,1.5101573799354853,247.63990094399998,False,E517_escalon_ampfino_0.2um_20260909_172747_r1
True,20260909_172754,,escalon,100.0,100.0,0.1,1,1,1,2000,6192,400,0,False,False,True,False,"(1, 2, 3)","('A', 'A', 'A')","(1, 2, 3)",1,1,A,True,0.0,True,0.0,ampfino_0.2um,2,0.5,False,True,amplitud del escalon: ¿tau(A) o tau constante?,39.999984,39.999984,327.679868928,327.679868928,8192,8192,True,,,338.61589431762695,8192,327.639868944,-0.03999998400001914,211.10000000000002,37.506034345218204,79.99996800000001,99.9,100.0999,199.89999999999952,25,0.9999996000001232,29.799988080000006,12.559994975999984,13.563945416477017,11.744971140941473,0.0,0.0,,,,,False,-10.435161290327818,1.316834843951095,247.63990094399998,False,E517_escalon_ampfino_0.2um_20260909_172754_r2
True,20260909_172801,,escalon,100.0,100.0,0.1,1,1,1,2000,6192,400,0,False,False,True,False,"(1, 2, 3)","('A', 'A', 'A')","(1, 2, 3)",1,1,A,True,0.0,True,0.0,ampfino_0.2um,3,0.5,False,True,amplitud del escalon: ¿tau(A) o tau constante?,39.999984,39.999984,327.679868928,327.679868928,8192,8192,True,,,342.5559997558594,8192,327.639868944,-0.03999998400001914,211.79999999999998,37.700818914529854,79.99996800000001,99.9,100.0999,199.89999999999952,25,0.9999996000001232,28.759988496000005,12.79999488,13.09057282476104,12.169684979139635,0.0,0.0,,,,,False,-9.718709677424346,1.7365998330729233,247.63990094399998,True,E517_escalon_ampfino_0.2um_20260909_172801_r3
True,20260909_172808,,escalon,100.0,100.0,0.1,1,1,1,2000,6192,400,0,False,False,True,False,"(1, 2, 3)","('A', 'A', 'A')","(1, 2, 3)",1,1,A,True,0.0,True,0.0,ampfino_0.2um,4,0.5,False,True,amplitud del escalon: ¿tau(A) o tau constante?,39.999984,39.999984,327.679868928,327.679868928,8192,8192,True,,,442.7049160003662,8192,327.639868944,-0.03999998400001914,209.9,37.36887552049186,79.99996800000001,99.9,100.0999,199.89999999999952,25,0.9999996000001232,27.279989088000008,12.63999494399998,12.41692721347292,12.829917155427268,0.0,0.0,,,,,False,-10.00370967742457,1.2498138362929234,247.63990094399998,False,E517_escalon_ampfino_0.2um_20260909_172808_r4
True,20260909_172815,,escalon,100.0,100.0,0.1,1,1,1,2000,6192,400,0,False,False,True,False,"(1, 2, 3)","('A', 'A', 'A')","(1, 2, 3)",1,1,A,True,0.0,True,0.0,ampfino_0.2um,5,0.5,False,True,amplitud del escalon: ¿tau(A) o tau constante?,39.999984,39.999984,327.679868928,327.679868928,8192,8192,True,,,335.6201648712158,8192,327.639868944,-0.03999998400001914,210.5,37.111470828974745,79.99996800000001,99.9,100.0999,199.89999999999952,25,0.9999996000001232,28.239988704000012,12.679994927999985,12.853886528903056,12.393772662891495,0.0,0.0,,,,,False,-9.690645161295185,0.9271233188108358,247.63990094399998,False,E517_escalon_ampfino_0.2um_20260909_172815_r5
True,20260909_172822,,escalon,100.0,100.0,0.25,1,1,1,2000,6192,400,0,False,False,True,False,"(1, 2, 3)","('A', 'A', 'A')","(1, 2, 3)",1,1,A,True,0.0,True,0.0,ampfino_0.5um,0,0.5,False,True,amplitud del escalon: ¿tau(A) o tau constante?,39.999984,39.999984,327.679868928,327.679868928,8192,8192,True,,,334.93494987487793,8192,327.639868944,-0.03999998400001914,508.29999999999995,86.1825592452812,79.99996800000001,99.75,100.25,500.0,25,0.9999996000001232,22.55999097600001,11.79999527999999,10.268543912608106,15.514190602839355,0.0,0.0,,,,,False,-10.81500000000038,1.6548026390457076,247.63990094399998,False,E517_escalon_ampfino_0.5um_20260909_172822_r0
True,20260909_172829,,escalon,100.0,100.0,0.25,1,1,1,2000,6192,400,0,False,False,True,False,"(1, 2, 3)","('A', 'A', 'A')","(1, 2, 3)",1,1,A,True,0.0,True,0.0,ampfino_0.5um,1,0.5,False,True,amplitud del escalon: ¿tau(A) o tau constante?,39.999984,39.999984,327.679868928,327.679868928,8192,8192,True,,,444.66400146484375,8192,327.639868944,-0.03999998400001914,513.5,86.77544949612134,79.99996800000001,99.75,100.25,500.0,25,0.9999996000001232,22.719990912,11.71999531199998,10.341370465179791,15.404935739439082,0.0,0.0,,,,,False,-12.384193548387195,1.8240884143000065,247.63990094399998,True,E517_escalon_ampfino_0.5um_20260909_172829_r1
True,20260909_172836,,escalon,100.0,100.0,0.25,1,1,1,2000,6192,400,0,False,False,True,False,"(1, 2, 3)","('A', 'A', 'A')","(1, 2, 3)",1,1,A,True,0.0,True,0.0,ampfino_0.5um,2,0.5,False,True,amplitud del escalon: ¿tau(A) o tau constante?,39.999984,39.999984,327.679868928,327.679868928,8192,8192,True,,,338.8059139251709,8192,327.639868944,-0.03999998400001914,508.4,86.716321503158,79.99996800000001,99.75,100.25,500.0,25,0.9999996000001232,22.839990864,11.759995295999985,10.395990379608557,15.323999124345708,0.0,0.0,,,,,False,-11.154032258065126,0.8572084469603314,247.63990094399998,False,E517_escalon_ampfino_0.5um_20260909_172836_r2
True,20260909_172843,,escalon,100.0,100.0,0.25,1,1,1,2000,6192,400,0,False,False,True,False,"(1, 2, 3)","('A', 'A', 'A')","(1, 2, 3)",1,1,A,True,0.0,True,0.0,ampfino_0.5um,3,0.5,False,True,amplitud del escalon: ¿tau(A) o tau constante?,39.999984,39.999984,327.679868928,327.679868928,8192,8192,True,,,339.79201316833496,8192,327.639868944,-0.03999998400001914,513.3,87.05861243732133,79.99996800000001,99.75,100.25,500.0,25,0.9999996000001232,22.919990831999996,11.79999527999999,10.432403655894399,15.27051221640733,0.0,0.0,,,,,False,-12.581451612903432,2.5824334277859022,247.63990094399998,True,E517_escalon_ampfino_0.5um_20260909_172843_r3
True,20260909_172851,,escalon,100.0,100.0,0.5,1,1,1,2000,6192,400,0,False,False,True,False,"(1, 2, 3)","('A', 'A', 'A')","(1, 2, 3)",1,1,A,True,0.0,True,0.0,ampfino_1um,0,0.5,False,True,amplitud del escalon: ¿tau(A) o tau constante?,39.999984,39.999984,327.679868928,327.679868928,8192,8192,True,,,338.580846786499,8192,327.639868944,-0.03999998400001914,1014.5999999999999,168.36111089592325,79.99996800000001,99.5,100.5,1000.0,25,0.9999996000001232,21.35999145599999,11.319995471999988,9.722344768320431,16.385774344571917,0.0,0.0,,,,,False,-12.59822580645258,0.6612891227369845,247.63990094399998,False,E517_escalon_ampfino_1um_20260909_172851_r0
True,20260909_172858,,escalon,100.0,100.0,0.5,1,1,1,2000,6192,400,0,False,False,True,False,"(1, 2, 3)","('A', 'A', 'A')","(1, 2, 3)",1,1,A,True,0.0,True,0.0,ampfino_1um,1,0.5,False,True,amplitud del escalon: ¿tau(A) o tau constante?,39.999984,39.999984,327.679868928,327.679868928,8192,8192,True,,,341.6328430175781,8192,327.639868944,-0.03999998400001914,1010.1,168.14071394239588,79.99996800000001,99.5,100.5,1000.0,25,0.9999996000001232,21.239991504000002,11.359995455999993,9.667724853891672,16.478349340868924,0.0,0.0,,,,,False,-10.743870967742177,1.1703643695641008,247.63990094399998,False,E517_escalon_ampfino_1um_20260909_172858_r1
True,20260909_172905,,escalon,100.0,100.0,0.5,1,1,1,2000,6192,400,0,False,False,True,False,"(1, 2, 3)","('A', 'A', 'A')","(1, 2, 3)",1,1,A,True,0.0,True,0.0,ampfino_1um,2,0.5,False,True,amplitud del escalon: ¿tau(A) o tau constante?,39.999984,39.999984,327.679868928,327.679868928,8192,8192,True,,,337.52989768981934,8192,327.639868944,-0.03999998400001914,1010.1,167.8320511881025,79.99996800000001,99.5,100.5,1000.0,25,0.9999996000001232,21.35999145599999,11.279995487999983,9.722344768320431,16.385774344571917,0.0,0.0,,,,,False,-12.090161290322614,1.0221498405646186,247.63990094399998,False,E517_escalon_ampfino_1um_20260909_172905_r2
True,20260909_172912,,escalon,100.0,100.0,0.5,1,1,1,2000,6192,400,0,False,False,True,False,"(1, 2, 3)","('A', 'A', 'A')","(1, 2, 3)",1,1,A,True,0.0,True,0.0,ampfino_1um,3,0.5,False,True,amplitud del escalon: ¿tau(A) o tau constante?,39.999984,39.999984,327.679868928,327.679868928,8192,8192,True,,,335.63780784606934,8192,327.639868944,-0.03999998400001914,1011.4000000000001,167.70919965283167,79.99996800000001,99.5,100.5,1000.0,25,0.9999996000001232,20.91999163199999,11.279995487999983,9.522071748748289,16.730408221800005,0.0,0.0,,,,,False,-10.346290322581305,1.1935184281337656,247.63990094399998,False,E517_escalon_ampfino_1um_20260909_172912_r3
True,20260909_172919,,escalon,100.0,100.0,1.0,1,1,1,2000,6192,400,0,False,False,True,False,"(1, 2, 3)","('A', 'A', 'A')","(1, 2, 3)",1,1,A,True,0.0,True,0.0,ampfino_2um,0,0.5,False,True,amplitud del escalon: ¿tau(A) o tau constante?,39.999984,39.999984,327.679868928,327.679868928,8192,8192,True,,,337.7389907836914,8192,327.639868944,-0.03999998400001914,2011.4,330.0440665657302,79.99996800000001,99.0,101.0,2000.0,25,0.9999996000001232,20.159991935999997,11.039995583999996,9.17614562403277,17.361118055558332,0.0,0.0,,,,,False,-10.768870967741702,1.481111836990449,247.63990094399998,False,E517_escalon_ampfino_2um_20260909_172919_r0
True,20260909_172926,,escalon,100.0,100.0,1.0,1,1,1,2000,6192,400,0,False,False,True,False,"(1, 2, 3)","('A', 'A', 'A')","(1, 2, 3)",1,1,A,True,0.0,True,0.0,ampfino_2um,1,0.5,False,True,amplitud del escalon: ¿tau(A) o tau constante?,39.999984,39.999984,327.679868928,327.679868928,8192,8192,True,,,341.61996841430664,8192,327.639868944,-0.03999998400001914,2009.7999999999997,329.0774422615004,79.99996800000001,99.0,101.0,2000.0,25,0.9999996000001232,19.919992031999996,10.999995599999991,9.066905795175236,17.570288152613255,0.0,0.0,,,,,False,-10.994354838709455,0.9893222198733408,247.63990094399998,False,E517_escalon_ampfino_2um_20260909_172926_r1
True,20260909_172933,,escalon,100.0,100.0,1.0,1,1,1,2000,6192,400,0,False,False,True,False,"(1, 2, 3)","('A', 'A', 'A')","(1, 2, 3)",1,1,A,True,0.0,True,0.0,ampfino_2um,2,0.5,False,True,amplitud del escalon: ¿tau(A) o tau constante?,39.999984,39.999984,327.679868928,327.679868928,8192,8192,True,,,340.61622619628906,8192,327.639868944,-0.03999998400001914,2011.3,329.54760808735017,79.99996800000001,99.0,101.0,2000.0,25,0.9999996000001232,20.239991903999993,10.959995615999986,9.212558900318612,17.292497035575895,0.0,0.0,,,,,False,-11.445161290321899,0.7719220709780913,247.63990094399998,False,E517_escalon_ampfino_2um_20260909_172933_r2
True,20260909_172940,,escalon,100.0,100.0,1.0,1,1,1,2000,6192,400,0,False,False,True,False,"(1, 2, 3)","('A', 'A', 'A')","(1, 2, 3)",1,1,A,True,0.0,True,0.0,ampfino_2um,3,0.5,False,True,amplitud del escalon: ¿tau(A) o tau constante?,39.999984,39.999984,327.679868928,327.679868928,8192,8192,True,,,341.60709381103516,8192,327.639868944,-0.03999998400001914,2012.7,329.4946431054761,79.99996800000001,99.0,101.0,2000.0,25,0.9999996000001232,20.039991983999997,10.999995599999991,9.121525709604004,17.465076846310183,0.0,0.0,,,,,False,-12.8322580645165,1.6046881109428617,247.63990094399998,False,E517_escalon_ampfino_2um_20260909_172940_r3
True,20260909_172947,,escalon,100.0,100.0,2.5,1,1,1,2000,6192,400,0,False,False,True,False,"(1, 2, 3)","('A', 'A', 'A')","(1, 2, 3)",1,1,A,True,0.0,True,0.0,ampfino_5um,0,0.5,False,True,amplitud del escalon: ¿tau(A) o tau constante?,39.999984,39.999984,327.679868928,327.679868928,8192,8192,True,,,341.8622016906738,8192,327.639868944,-0.03999998400001914,5008.0,807.9027089712511,79.99996800000001,97.5,102.5,5000.0,25,0.9999996000001232,18.679992528,10.63999574399999,8.502500012744651,18.73662419700514,0.0,0.0,-14.359999999999218,201.07991956799998,61.83997526399999,,False,-12.053870967741199,1.4407775172876922,247.63990094399998,False,E517_escalon_ampfino_5um_20260909_172947_r0
True,20260909_172955,,escalon,100.0,100.0,2.5,1,1,1,2000,6192,400,0,False,False,True,False,"(1, 2, 3)","('A', 'A', 'A')","(1, 2, 3)",1,1,A,True,0.0,True,0.0,ampfino_5um,1,0.5,False,True,amplitud del escalon: ¿tau(A) o tau constante?,39.999984,39.999984,327.679868928,327.679868928,8192,8192,True,,,442.43812561035156,8192,327.639868944,-0.03999998400001914,5006.8,807.078516980102,79.99996800000001,97.5,102.5,5000.0,25,0.9999996000001232,18.59999255999999,10.599995759999985,8.466086736458802,18.81721182796001,0.0,0.0,,,,,False,-13.507419354838573,1.885216626111082,247.63990094399998,True,E517_escalon_ampfino_5um_20260909_172955_r1
True,20260909_173002,,escalon,100.0,100.0,5.0,1,1,1,2000,6192,400,0,False,False,True,False,"(1, 2, 3)","('A', 'A', 'A')","(1, 2, 3)",1,1,A,True,0.0,True,0.0,ampfino_10um,0,0.5,False,True,amplitud del escalon: ¿tau(A) o tau constante?,39.999984,39.999984,327.679868928,327.679868928,8192,8192,True,,,336.69424057006836,8192,327.639868944,-0.03999998400001914,10002.7,1592.4895659535412,79.99996800000001,95.0,105.0,10000.0,25,0.9999996000001232,17.359993056000008,10.359995855999983,7.901680954028223,20.16129838709999,0.0,0.0,13.47999999999729,66.51997339199998,50.71997971199998,,False,-10.51387096774183,1.3856294189202543,247.63990094399998,False,E517_escalon_ampfino_10um_20260909_173002_r0
True,20260909_173009,,escalon,100.0,100.0,5.0,1,1,1,2000,6192,400,0,False,False,True,False,"(1, 2, 3)","('A', 'A', 'A')","(1, 2, 3)",1,1,A,True,0.0,True,0.0,ampfino_10um,1,0.5,False,True,amplitud del escalon: ¿tau(A) o tau constante?,39.999984,39.999984,327.679868928,327.679868928,8192,8192,True,,,340.87491035461426,8192,327.639868944,-0.03999998400001914,10002.0,1591.2835514842618,79.99996800000001,95.0,105.0,10000.0,25,0.9999996000001232,17.279993088000012,10.319995871999993,7.865267677742382,20.254637731484703,0.0,0.0,-15.731999999998152,218.35991265599995,61.95997521599999,,False,-12.880322580645798,1.2018667841783424,247.63990094399998,False,E517_escalon_ampfino_10um_20260909_173009_r1
True,20260909_173016,,escalon,100.0,100.0,10.0,1,1,1,2000,6192,400,0,False,False,True,False,"(1, 2, 3)","('A', 'A', 'A')","(1, 2, 3)",1,1,A,True,0.0,True,0.0,ampfino_20um,0,0.5,False,True,amplitud del escalon: ¿tau(A) o tau constante?,39.999984,39.999984,327.679868928,327.679868928,8192,8192,True,,,341.6140079498291,8192,327.639868944,-0.03999998400001914,20008.9,3136.885572412612,79.99996800000001,90.0,110.0,20000.0,25,0.9999996000001232,15.99999360000001,9.999995999999996,7.282655257168871,21.87500875000348,0.0,0.0,20.527999999999338,57.35997705599998,47.83998086399998,,False,-17.17725806451629,1.1760714666607044,247.63990094399998,False,E517_escalon_ampfino_20um_20260909_173016_r0
True,20260909_173023,,escalon,100.0,100.0,10.0,1,1,1,2000,6192,400,0,False,False,True,False,"(1, 2, 3)","('A', 'A', 'A')","(1, 2, 3)",1,1,A,True,0.0,True,0.0,ampfino_20um,1,0.5,False,True,amplitud del escalon: ¿tau(A) o tau constante?,39.999984,39.999984,327.679868928,327.679868928,8192,8192,True,,,341.5839672088623,8192,327.639868944,-0.03999998400001914,20006.1,3133.900730907158,79.99996800000001,90.0,110.0,20000.0,25,0.9999996000001232,15.919993632,9.999995999999996,7.246241980883022,21.984933417088943,0.0,0.0,-20.815999999999235,181.07992756799996,59.319976272000005,,False,-17.73854838709689,1.5678466296516411,247.63990094399998,False,E517_escalon_ampfino_20um_20260909_173023_r1
True,20260909_173030,,escalon,100.0,100.0,25.0,1,1,1,2000,6192,400,0,False,False,True,False,"(1, 2, 3)","('A', 'A', 'A')","(1, 2, 3)",1,1,A,True,0.0,True,0.0,ampfino_50um,0,0.5,False,True,amplitud del escalon: ¿tau(A) o tau constante?,39.999984,39.999984,327.679868928,327.679868928,8192,8192,True,,,336.57097816467285,8192,327.639868944,-0.03999998400001914,50000.100000000006,7763.8906057330105,79.99996800000001,75.0,125.0,50000.0,25,0.9999996000001232,13.75999449599999,9.719996111999976,6.26308352116522,25.4360566860506,0.0,0.0,33.25999999999567,67.919972832,51.35997945599998,,False,-17.536290322580307,1.6033701742623065,247.63990094399998,False,E517_escalon_ampfino_50um_20260909_173030_r0
True,20260909_173038,,escalon,100.0,100.0,25.0,1,1,1,2000,6192,400,0,False,False,True,False,"(1, 2, 3)","('A', 'A', 'A')","(1, 2, 3)",1,1,A,True,0.0,True,0.0,ampfino_50um,1,0.5,False,True,amplitud del escalon: ¿tau(A) o tau constante?,39.999984,39.999984,327.679868928,327.679868928,8192,8192,True,,,443.817138671875,8192,327.639868944,-0.03999998400001914,50000.4,7760.531967215101,79.99996800000001,75.0,125.0,50000.0,25,0.9999996000001232,13.719994511999985,9.719996111999976,6.244876883022297,25.510214285718394,0.0,0.0,22.12799999999561,71.63997134399999,53.959978416,,False,-17.96903225806456,1.4739487338190513,247.63990094399998,False,E517_escalon_ampfino_50um_20260909_173038_r1
True,20260909_173045,,escalon,100.0,100.0,50.0,1,1,1,2000,6192,400,0,False,False,True,False,"(1, 2, 3)","('A', 'A', 'A')","(1, 2, 3)",1,1,A,True,0.0,True,0.0,ampfino_100um,0,0.5,False,True,amplitud del escalon: ¿tau(A) o tau constante?,39.999984,39.999984,327.679868928,327.679868928,8192,8192,True,,,443.61305236816406,8192,327.639868944,-0.03999998400001914,99994.6,16121.04143715555,79.99996800000001,50.0,150.0,100000.0,25,0.9999996000001232,12.199995120000011,10.399995839999988,5.553024633591265,28.688536065578333,0.0,0.0,84.19600000000969,60.679975727999974,39.199984319999984,,False,-11.16032258064676,0.7675305347313071,247.63990094399998,False,E517_escalon_ampfino_100um_20260909_173045_r0
True,20260909_173052,,escalon,100.0,100.0,50.0,1,1,1,2000,6192,400,0,False,False,True,False,"(1, 2, 3)","('A', 'A', 'A')","(1, 2, 3)",1,1,A,True,0.0,True,0.0,ampfino_100um,1,0.5,False,True,amplitud del escalon: ¿tau(A) o tau constante?,39.999984,39.999984,327.679868928,327.679868928,8192,8192,True,,,340.6829833984375,8192,327.639868944,-0.03999998400001914,99993.5,16112.057525859598,79.99996800000001,50.0,150.0,100000.0,25,0.9999996000001232,12.039995184000006,10.399995839999988,5.480198081019575,29.06977906977208,0.0,0.0,52.52000000000976,63.479974608000006,50.71997971199998,,False,-15.565000000000897,2.5373692561280525,247.63990094399998,True,E517_escalon_ampfino_100um_20260909_173052_r1
