t_ms,target_um,current_um,error_um
0.0,99.9499,99.963,0.013
0.02,99.9499,99.9629,0.013
0.04,99.9499,99.9628,0.0129
0.06,99.9499,99.9628,0.0128
0.08,99.9499,99.9627,0.0127
0.1,99.9499,99.9626,0.0126
0.12,99.9499,99.9625,0.0125
0.14,99.9499,99.9623,0.0123
0.16,99.9499,99.9623,0.0123
0.18,99.95,99.9622,0.0122
0.2,99.95,99.9621,0.0121
0.22,99.95,99.962,0.012
0.24,99.95,99.9619,0.0119
0.26,99.95,99.9619,0.0119
0.28,99.95,99.9618,0.0118
0.3,99.95,99.9618,0.0117
0.32,99.95,99.9617,0.0116
0.34,99.95,99.9616,0.0115
0.36,99.95,99.9615,0.0114
0.38,99.9501,99.9615,0.0113
0.4,99.9501,99.9614,0.0113
0.42,99.9502,99.9614,0.0112
0.44,99.9502,99.9613,0.0111
0.46,99.9502,99.9613,0.011
0.48,99.9502,99.9613,0.011
0.5,99.9503,99.9613,0.0109
0.52,99.9503,99.9612,0.0108
0.54,99.9505,99.9612,0.0107
0.56,99.9505,99.9612,0.0107
0.58,99.9506,99.9612,0.0105
0.6,99.9506,99.9612,0.0105
0.62,99.9508,99.9612,0.0104
0.64,99.9508,99.9611,0.0103
0.66,99.9509,99.9612,0.0102
0.68,99.9509,99.9612,0.0102
0.7000000000000001,99.9511,99.9612,0.01
0.72,99.9511,99.9612,0.01
0.74,99.9514,99.9612,0.0098
0.76,99.9514,99.9612,0.0098
0.78,99.9516,99.9613,0.0096
0.8,99.9516,99.9613,0.0096
0.8200000000000001,99.9519,99.9613,0.0093
0.84,99.9519,99.9613,0.0093
0.86,99.9522,99.9614,0.0091
0.88,99.9522,99.9614,0.0092
0.9,99.9525,99.9615,0.0089
0.92,99.9525,99.9616,0.009
0.9400000000000001,99.9529,99.9616,0.0087
0.96,99.9529,99.9618,0.0088
0.98,99.9532,99.9619,0.0086
1.0,99.9532,99.962,0.0087
1.02,99.9537,99.9621,0.0084
1.04,99.9537,99.9622,0.0085
1.06,99.9541,99.9623,0.0081
1.08,99.9541,99.9624,0.0082
1.1,99.9545,99.9625,0.0079
1.12,99.9545,99.9627,0.0081
1.1400000000000001,99.955,99.9628,0.0077
1.16,99.955,99.9628,0.0078
1.18,99.9555,99.963,0.0075
1.2,99.9555,99.9631,0.0076
1.22,99.956,99.9632,0.0072
1.24,99.956,99.9634,0.0073
1.26,99.9565,99.9635,0.007
1.28,99.9565,99.9636,0.0071
1.3,99.957,99.9638,0.0067
1.32,99.957,99.9639,0.0068
1.34,99.9576,99.964,0.0064
1.36,99.9576,99.9642,0.0065
1.3800000000000001,99.9582,99.9642,0.006
1.4000000000000001,99.9582,99.9643,0.0061
1.42,99.9587,99.9644,0.0056
1.44,99.9587,99.9644,0.0056
1.46,99.9593,99.9645,0.0051
1.48,99.9593,99.9646,0.0052
1.5,99.96,99.9646,0.0046
1.52,99.96,99.9647,0.0047
1.54,99.9606,99.9647,0.0041
1.56,99.9606,99.9648,0.0042
1.58,99.9612,99.9648,0.0036
1.6,99.9612,99.9648,0.0036
1.62,99.9618,99.9649,0.003
1.6400000000000001,99.9618,99.9649,0.0031
1.6600000000000001,99.9624,99.9649,0.0024
1.68,99.9624,99.9649,0.0024
1.7,99.9631,99.9648,0.0017
1.72,99.9631,99.9648,0.0017
1.74,99.9637,99.9648,0.0011
1.76,99.9637,99.9647,0.001
1.78,99.9643,99.9647,0.0003
1.8,99.9643,99.9646,0.0003
1.82,99.965,99.9646,-0.0003
1.84,99.965,99.9646,-0.0003
1.86,99.9656,99.9645,-0.001
1.8800000000000001,99.9656,99.9644,-0.0011
1.9000000000000001,99.9662,99.9643,-0.0019
1.92,99.9662,99.9642,-0.002
1.94,99.9668,99.9641,-0.0027
1.96,99.9668,99.964,-0.0028
1.98,99.9675,99.9638,-0.0036
2.0,99.9675,99.9637,-0.0037
2.02,99.9681,99.9636,-0.0045
2.04,99.9681,99.9635,-0.0046
2.06,99.9687,99.9633,-0.0054
2.08,99.9687,99.9631,-0.0056
2.1,99.9694,99.9629,-0.0064
2.12,99.9694,99.9628,-0.0065
2.14,99.97,99.9627,-0.0073
2.16,99.97,99.9625,-0.0074
2.18,99.9706,99.9623,-0.0083
2.2,99.9706,99.9621,-0.0085
2.22,99.9713,99.9619,-0.0093
2.24,99.9713,99.9618,-0.0094
2.2600000000000002,99.9719,99.9616,-0.0103
2.2800000000000002,99.9719,99.9614,-0.0104
2.3000000000000003,99.9725,99.9613,-0.0112
2.32,99.9725,99.9611,-0.0114
2.34,99.9732,99.961,-0.0121
2.36,99.9732,99.9608,-0.0123
2.38,99.9738,99.9607,-0.0131
2.4,99.9738,99.9605,-0.0132
2.42,99.9744,99.9603,-0.014
2.44,99.9744,99.9602,-0.0141
2.46,99.975,99.9601,-0.0149
2.48,99.975,99.9599,-0.0151
2.5,99.9757,99.9597,-0.0159
2.52,99.9757,99.9595,-0.0161
2.54,99.9763,99.9593,-0.0169
2.56,99.9763,99.9592,-0.017
2.58,99.9769,99.959,-0.0178
2.6,99.9769,99.9589,-0.018
2.62,99.9776,99.9587,-0.0188
2.64,99.9776,99.9586,-0.019
2.66,99.9782,99.9584,-0.0197
2.68,99.9782,99.9583,-0.0199
2.7,99.9788,99.9581,-0.0207
2.72,99.9788,99.958,-0.0208
2.74,99.9795,99.9579,-0.0215
2.7600000000000002,99.9795,99.9578,-0.0215
2.7800000000000002,99.9801,99.9578,-0.0223
2.8000000000000003,99.9801,99.9577,-0.0223
2.82,99.9807,99.9576,-0.023
2.84,99.9807,99.9576,-0.0231
2.86,99.9813,99.9575,-0.0238
2.88,99.9813,99.9575,-0.0238
2.9,99.982,99.9575,-0.0245
2.92,99.982,99.9574,-0.0245
2.94,99.9826,99.9574,-0.0251
2.96,99.9826,99.9574,-0.0251
2.98,99.9832,99.9574,-0.0257
3.0,99.9832,99.9575,-0.0257
3.02,99.9839,99.9575,-0.0263
3.04,99.9839,99.9575,-0.0263
3.06,99.9845,99.9576,-0.0269
3.08,99.9845,99.9576,-0.0268
3.1,99.9851,99.9577,-0.0274
3.12,99.9851,99.9577,-0.0274
3.14,99.9857,99.9577,-0.028
3.16,99.9857,99.9578,-0.0279
3.18,99.9864,99.9578,-0.0285
3.2,99.9864,99.958,-0.0284
3.22,99.987,99.9581,-0.0289
3.24,99.987,99.9581,-0.0288
3.2600000000000002,99.9876,99.9582,-0.0293
3.2800000000000002,99.9876,99.9584,-0.0292
3.3000000000000003,99.9883,99.9585,-0.0297
3.3200000000000003,99.9883,99.9587,-0.0295
3.34,99.9889,99.9588,-0.03
3.36,99.9889,99.9589,-0.0299
3.38,99.9895,99.9591,-0.0303
3.4,99.9895,99.9593,-0.0302
3.42,99.9902,99.9595,-0.0307
3.44,99.9902,99.9596,-0.0305
3.46,99.9908,99.9598,-0.031
3.48,99.9908,99.9599,-0.0309
3.5,99.9914,99.96,-0.0313
3.52,99.9914,99.9602,-0.0312
3.54,99.992,99.9603,-0.0317
3.56,99.992,99.9605,-0.0315
3.58,99.9927,99.9607,-0.032
3.6,99.9927,99.9608,-0.0318
3.62,99.9933,99.9609,-0.0324
3.64,99.9933,99.961,-0.0323
3.66,99.9939,99.9611,-0.0328
3.68,99.9939,99.9612,-0.0327
3.7,99.9946,99.9614,-0.0332
3.72,99.9946,99.9615,-0.0331
3.74,99.9952,99.9616,-0.0336
3.7600000000000002,99.9952,99.9616,-0.0335
3.7800000000000002,99.9958,99.9618,-0.034
3.8000000000000003,99.9958,99.9619,-0.0339
3.8200000000000003,99.9965,99.962,-0.0344
3.84,99.9965,99.9621,-0.0343
3.86,99.9971,99.9622,-0.0348
3.88,99.9971,99.9623,-0.0348
3.9,99.9977,99.9623,-0.0354
3.92,99.9977,99.9624,-0.0353
3.94,99.9984,99.9625,-0.0359
3.96,99.9984,99.9625,-0.0358
3.98,99.999,99.9625,-0.0364
4.0,99.999,99.9626,-0.0364
4.0200000000000005,99.9996,99.9626,-0.037
4.04,99.9996,99.9626,-0.037
4.0600000000000005,100.0002,99.9626,-0.0376
4.08,100.0002,99.9626,-0.0376
4.1,100.0009,99.9626,-0.0382
4.12,100.0009,99.9626,-0.0382
4.14,100.0015,99.9626,-0.0389
4.16,100.0015,99.9626,-0.0389
4.18,100.0021,99.9626,-0.0395
4.2,100.0021,99.9625,-0.0395
4.22,100.0028,99.9625,-0.0402
4.24,100.0028,99.9626,-0.0402
4.26,100.0034,99.9625,-0.0408
4.28,100.0034,99.9625,-0.0408
4.3,100.004,99.9625,-0.0415
4.32,100.004,99.9625,-0.0415
4.34,100.0047,99.9624,-0.0422
4.36,100.0047,99.9623,-0.0423
4.38,100.0053,99.9623,-0.043
4.4,100.0053,99.9622,-0.043
4.42,100.0059,99.9622,-0.0437
4.44,100.0059,99.9621,-0.0438
4.46,100.0066,99.962,-0.0445
4.48,100.0066,99.9619,-0.0446
4.5,100.0072,99.9619,-0.0453
4.5200000000000005,100.0072,99.9618,-0.0453
4.54,100.0078,99.9617,-0.046
4.5600000000000005,100.0078,99.9617,-0.0461
4.58,100.0084,99.9616,-0.0468
4.6000000000000005,100.0084,99.9615,-0.0469
4.62,100.0091,99.9615,-0.0475
4.64,100.0091,99.9615,-0.0475
4.66,100.0097,99.9614,-0.0482
4.68,100.0097,99.9614,-0.0483
4.7,100.0103,99.9614,-0.0489
4.72,100.0103,99.9613,-0.049
4.74,100.011,99.9614,-0.0496
4.76,100.011,99.9614,-0.0496
4.78,100.0116,99.9614,-0.0502
4.8,100.0116,99.9613,-0.0502
4.82,100.0122,99.9613,-0.0509
4.84,100.0122,99.9614,-0.0508
4.86,100.0129,99.9614,-0.0514
4.88,100.0129,99.9614,-0.0514
4.9,100.0135,99.9614,-0.052
4.92,100.0135,99.9614,-0.052
4.94,100.0141,99.9615,-0.0526
4.96,100.0141,99.9615,-0.0525
4.98,100.0147,99.9615,-0.0532
5.0,100.0147,99.9616,-0.0531
5.0200000000000005,100.0154,99.9617,-0.0537
5.04,100.0154,99.9618,-0.0536
5.0600000000000005,100.016,99.9618,-0.0541
5.08,100.016,99.9619,-0.054
5.1000000000000005,100.0166,99.9621,-0.0545
5.12,100.0166,99.9622,-0.0544
5.14,100.0173,99.9623,-0.0549
5.16,100.0173,99.9624,-0.0548
5.18,100.0179,99.9625,-0.0554
5.2,100.0179,99.9626,-0.0552
5.22,100.0185,99.9627,-0.0557
5.24,100.0185,99.9629,-0.0556
5.26,100.0192,99.963,-0.0561
5.28,100.0192,99.9631,-0.056
5.3,100.0198,99.9632,-0.0565
5.32,100.0198,99.9633,-0.0564
5.34,100.0204,99.9635,-0.0569
5.36,100.0204,99.9636,-0.0568
5.38,100.021,99.9638,-0.0572
5.4,100.021,99.9639,-0.0571
5.42,100.0217,99.964,-0.0576
5.44,100.0217,99.9641,-0.0575
5.46,100.0223,99.9642,-0.058
5.48,100.0223,99.9644,-0.0579
5.5,100.0229,99.9646,-0.0583
5.5200000000000005,100.0229,99.9647,-0.0582
5.54,100.0236,99.9649,-0.0586
5.5600000000000005,100.0236,99.9651,-0.0585
5.58,100.0242,99.9652,-0.059
5.6000000000000005,100.0242,99.9653,-0.0588
5.62,100.0248,99.9655,-0.0593
5.64,100.0248,99.9657,-0.0591
5.66,100.0255,99.9658,-0.0596
5.68,100.0255,99.966,-0.0594
5.7,100.0261,99.9661,-0.0599
5.72,100.0261,99.9663,-0.0598
5.74,100.0267,99.9665,-0.0602
5.76,100.0267,99.9667,-0.06
5.78,100.0273,99.9669,-0.0604
5.8,100.0273,99.967,-0.0603
5.82,100.028,99.9672,-0.0607
5.84,100.028,99.9674,-0.0605
5.86,100.0286,99.9676,-0.061
5.88,100.0286,99.9678,-0.0608
5.9,100.0292,99.968,-0.0612
5.92,100.0292,99.9682,-0.061
5.94,100.0299,99.9683,-0.0615
5.96,100.0299,99.9685,-0.0613
5.98,100.0305,99.9687,-0.0618
6.0,100.0305,99.9689,-0.0616
6.0200000000000005,100.0311,99.969,-0.062
6.04,100.0311,99.9693,-0.0618
6.0600000000000005,100.0318,99.9695,-0.0622
6.08,100.0318,99.9697,-0.0621
6.1000000000000005,100.0324,99.9698,-0.0625
6.12,100.0324,99.97,-0.0623
6.140000000000001,100.033,99.9702,-0.0628
6.16,100.033,99.9704,-0.0626
6.18,100.0336,99.9706,-0.063
6.2,100.0336,99.9708,-0.0628
6.22,100.0343,99.971,-0.0633
6.24,100.0343,99.9711,-0.0631
6.26,100.0349,99.9713,-0.0636
6.28,100.0349,99.9715,-0.0634
6.3,100.0355,99.9716,-0.0639
6.32,100.0355,99.9718,-0.0637
6.34,100.0362,99.9719,-0.0642
6.36,100.0362,99.972,-0.0641
6.38,100.0368,99.9722,-0.0646
6.4,100.0368,99.9723,-0.0644
6.42,100.0374,99.9724,-0.065
6.44,100.0374,99.9725,-0.0649
6.46,100.0381,99.9726,-0.0654
6.48,100.0381,99.9727,-0.0653
6.5,100.0387,99.9728,-0.0658
6.5200000000000005,100.0387,99.9729,-0.0657
6.54,100.0393,99.9731,-0.0662
6.5600000000000005,100.0393,99.9732,-0.0661
6.58,100.0399,99.9733,-0.0666
6.6000000000000005,100.0399,99.9734,-0.0665
6.62,100.0405,99.9735,-0.067
6.640000000000001,100.0405,99.9736,-0.0669
6.66,100.0411,99.9737,-0.0674
6.68,100.0411,99.9738,-0.0673
6.7,100.0417,99.9739,-0.0678
6.72,100.0417,99.9739,-0.0677
6.74,100.0423,99.9741,-0.0682
6.76,100.0423,99.9742,-0.0681
6.78,100.0428,99.9743,-0.0685
6.8,100.0428,99.9744,-0.0684
6.82,100.0434,99.9745,-0.0689
6.84,100.0434,99.9746,-0.0688
6.86,100.0439,99.9747,-0.0692
6.88,100.0439,99.9748,-0.069
6.9,100.0444,99.975,-0.0694
6.92,100.0444,99.9751,-0.0692
6.94,100.0449,99.9752,-0.0696
6.96,100.0449,99.9753,-0.0695
6.98,100.0454,99.9754,-0.0699
7.0,100.0454,99.9755,-0.0698
7.0200000000000005,100.0458,99.9756,-0.0701
7.04,100.0458,99.9758,-0.07
7.0600000000000005,100.0462,99.9759,-0.0703
7.08,100.0462,99.976,-0.0702
7.1000000000000005,100.0466,99.9761,-0.0705
7.12,100.0466,99.9762,-0.0704
7.140000000000001,100.047,99.9763,-0.0707
7.16,100.047,99.9764,-0.0705
7.18,100.0473,99.9765,-0.0708
7.2,100.0473,99.9766,-0.0707
7.22,100.0477,99.9767,-0.0709
7.24,100.0477,99.9768,-0.0708
7.26,100.048,99.9769,-0.071
7.28,100.048,99.977,-0.0709
7.3,100.0482,99.9772,-0.071
7.32,100.0482,99.9773,-0.0709
7.34,100.0485,99.9775,-0.071
7.36,100.0485,99.9776,-0.0708
7.38,100.0487,99.9777,-0.071
7.4,100.0487,99.9779,-0.0708
7.42,100.0489,99.9779,-0.0709
7.44,100.0489,99.9781,-0.0708
7.46,100.0491,99.9782,-0.0708
7.48,100.0491,99.9784,-0.0707
7.5,100.0493,99.9786,-0.0707
7.5200000000000005,100.0493,99.9787,-0.0705
7.54,100.0494,99.9788,-0.0705
7.5600000000000005,100.0494,99.979,-0.0703
7.58,100.0495,99.9792,-0.0703
7.6000000000000005,100.0495,99.9794,-0.0701
7.62,100.0496,99.9795,-0.07
7.640000000000001,100.0496,99.9797,-0.0699
7.66,100.0497,99.9799,-0.0697
7.68,100.0497,99.9801,-0.0696
7.7,100.0498,99.9803,-0.0694
7.72,100.0498,99.9805,-0.0692
7.74,100.0498,99.9807,-0.069
7.76,100.0498,99.9809,-0.0688
7.78,100.0499,99.9811,-0.0687
7.8,100.0499,99.9813,-0.0685
7.82,100.0499,99.9815,-0.0683
7.84,100.0499,99.9817,-0.0681
7.86,100.0499,99.9819,-0.0679
7.88,100.0499,99.9822,-0.0677
7.9,100.0499,99.9825,-0.0674
7.92,100.0499,99.9827,-0.0672
7.94,100.0499,99.9829,-0.0669
7.96,100.0499,99.9833,-0.0666
7.98,100.0499,99.9835,-0.0663
8.0,100.0499,99.9838,-0.066
8.02,100.0499,99.9842,-0.0657
8.040000000000001,100.0499,99.9845,-0.0654
8.06,100.0499,99.9848,-0.0651
8.08,100.0499,99.9851,-0.0648
8.1,100.0499,99.9855,-0.0644
8.120000000000001,100.0499,99.9858,-0.0641
8.14,100.0499,99.9861,-0.0638
8.16,100.0499,99.9864,-0.0635
8.18,100.0499,99.9867,-0.0631
8.2,100.0499,99.9871,-0.0628
8.22,100.0499,99.9874,-0.0625
8.24,100.0499,99.9877,-0.0622
8.26,100.0499,99.988,-0.0618
8.28,100.0499,99.9884,-0.0615
8.3,100.0499,99.9887,-0.0611
8.32,100.0499,99.9891,-0.0608
8.34,100.0498,99.9894,-0.0604
8.36,100.0498,99.9898,-0.06
8.38,100.0498,99.9901,-0.0596
8.4,100.0498,99.9905,-0.0593
8.42,100.0497,99.9909,-0.0588
8.44,100.0497,99.9913,-0.0584
8.46,100.0496,99.9916,-0.058
8.48,100.0496,99.9919,-0.0577
8.5,100.0495,99.9923,-0.0572
8.52,100.0495,99.9926,-0.0568
8.540000000000001,100.0494,99.9929,-0.0564
8.56,100.0494,99.9933,-0.056
8.58,100.0493,99.9937,-0.0555
8.6,100.0493,99.9941,-0.0551
8.620000000000001,100.0491,99.9944,-0.0546
8.64,100.0491,99.9948,-0.0543
8.66,100.0489,99.9951,-0.0538
8.68,100.0489,99.9954,-0.0534
8.700000000000001,100.0487,99.9957,-0.0529
8.72,100.0487,99.9961,-0.0526
8.74,100.0485,99.9964,-0.0521
8.76,100.0485,99.9967,-0.0517
8.78,100.0482,99.997,-0.0511
8.8,100.0482,99.9974,-0.0508
8.82,100.048,99.9977,-0.0502
8.84,100.048,99.9979,-0.05
8.86,100.0477,99.9982,-0.0494
8.88,100.0477,99.9984,-0.0492
8.9,100.0473,99.9987,-0.0486
8.92,100.0473,99.9989,-0.0484
8.94,100.047,99.9991,-0.0478
8.96,100.047,99.9993,-0.0476
8.98,100.0466,99.9995,-0.0471
9.0,100.0466,99.9996,-0.0469
9.02,100.0462,99.9998,-0.0463
9.040000000000001,100.0462,100.0,-0.0462
9.06,100.0458,100.0001,-0.0457
9.08,100.0458,100.0002,-0.0455
9.1,100.0454,100.0003,-0.045
9.120000000000001,100.0454,100.0004,-0.0449
9.14,100.0449,100.0005,-0.0443
9.16,100.0449,100.0007,-0.0442
9.18,100.0444,100.0008,-0.0436
9.200000000000001,100.0444,100.0009,-0.0435
9.22,100.0439,100.001,-0.0429
9.24,100.0439,100.001,-0.0428
9.26,100.0434,100.0011,-0.0422
9.28,100.0434,100.0012,-0.0421
9.3,100.0428,100.0013,-0.0415
9.32,100.0428,100.0014,-0.0414
9.34,100.0423,100.0014,-0.0408
9.36,100.0423,100.0014,-0.0408
9.38,100.0417,100.0015,-0.0402
9.4,100.0417,100.0016,-0.0401
9.42,100.0411,100.0017,-0.0394
9.44,100.0411,100.0017,-0.0393
9.46,100.0405,100.0018,-0.0387
9.48,100.0405,100.0018,-0.0386
9.5,100.0399,100.0018,-0.038
9.52,100.0399,100.0019,-0.0379
9.540000000000001,100.0393,100.002,-0.0373
9.56,100.0393,100.002,-0.0372
9.58,100.0387,100.0021,-0.0366
9.6,100.0387,100.0021,-0.0366
9.620000000000001,100.0381,100.0021,-0.0359
9.64,100.0381,100.0022,-0.0358
9.66,100.0374,100.0022,-0.0351
9.68,100.0374,100.0023,-0.0351
9.700000000000001,100.0368,100.0023,-0.0344
9.72,100.0368,100.0024,-0.0343
9.74,100.0362,100.0025,-0.0336
9.76,100.0362,100.0026,-0.0336
9.78,100.0355,100.0027,-0.0328
9.8,100.0355,100.0027,-0.0328
9.82,100.0349,100.0028,-0.032
9.84,100.0349,100.0029,-0.0319
9.86,100.0343,100.003,-0.0312
9.88,100.0343,100.0032,-0.0311
9.9,100.0336,100.0032,-0.0304
9.92,100.0336,100.0033,-0.0303
9.94,100.033,100.0035,-0.0295
9.96,100.033,100.0036,-0.0294
9.98,100.0324,100.0037,-0.0286
10.0,100.0324,100.0039,-0.0285
10.02,100.0318,100.004,-0.0277
10.040000000000001,100.0318,100.0042,-0.0275
10.06,100.0311,100.0043,-0.0267
10.08,100.0311,100.0046,-0.0265
10.1,100.0305,100.0048,-0.0257
10.120000000000001,100.0305,100.005,-0.0254
10.14,100.0299,100.0053,-0.0245
10.16,100.0299,100.0054,-0.0244
10.18,100.0292,100.0056,-0.0236
10.200000000000001,100.0292,100.0058,-0.0234
10.22,100.0286,100.0061,-0.0225
10.24,100.0286,100.0063,-0.0223
10.26,100.028,100.0065,-0.0214
10.28,100.028,100.0068,-0.0211
10.3,100.0273,100.0071,-0.0202
10.32,100.0273,100.0074,-0.0199
10.34,100.0267,100.0077,-0.019
10.36,100.0267,100.008,-0.0187
10.38,100.0261,100.0083,-0.0177
10.4,100.0261,100.0086,-0.0175
10.42,100.0255,100.0089,-0.0165
10.44,100.0255,100.0092,-0.0162
10.46,100.0248,100.0096,-0.0152
10.48,100.0248,100.01,-0.0148
10.5,100.0242,100.0103,-0.0138
10.52,100.0242,100.0107,-0.0134
10.540000000000001,100.0236,100.0111,-0.0125
10.56,100.0236,100.0115,-0.0121
10.58,100.0229,100.0119,-0.011
10.6,100.0229,100.0123,-0.0106
10.620000000000001,100.0223,100.0127,-0.0096
10.64,100.0223,100.0131,-0.0091
10.66,100.0217,100.0135,-0.0081
10.68,100.0217,100.014,-0.0077
10.700000000000001,100.021,100.0143,-0.0066
10.72,100.021,100.0148,-0.0062
10.74,100.0204,100.0152,-0.0052
10.76,100.0204,100.0155,-0.0049
10.78,100.0198,100.0159,-0.0038
10.8,100.0198,100.0163,-0.0034
10.82,100.0191,100.0167,-0.0024
10.84,100.0191,100.0171,-0.002
10.86,100.0185,100.0174,-0.001
10.88,100.0185,100.0178,-0.0007
10.9,100.0179,100.0181,0.0002
10.92,100.0179,100.0184,0.0005
10.94,100.0173,100.0188,0.0015
10.96,100.0173,100.0192,0.0018
10.98,100.0166,100.0195,0.0028
11.0,100.0166,100.0198,0.0031
11.02,100.016,100.02,0.0039
11.040000000000001,100.016,100.0203,0.0043
11.06,100.0154,100.0206,0.0052
11.08,100.0154,100.0208,0.0054
11.1,100.0147,100.0211,0.0063
11.120000000000001,100.0147,100.0213,0.0066
11.14,100.0141,100.0216,0.0075
11.16,100.0141,100.0218,0.0077
11.18,100.0135,100.022,0.0085
11.200000000000001,100.0135,100.0223,0.0087
11.22,100.0128,100.0225,0.0095
11.24,100.0128,100.0226,0.0097
11.26,100.0122,100.0227,0.0105
11.28,100.0122,100.0229,0.0106
11.3,100.0116,100.023,0.0114
11.32,100.0116,100.0232,0.0115
11.34,100.011,100.0233,0.0122
11.36,100.011,100.0233,0.0123
11.38,100.0103,100.0234,0.013
11.4,100.0103,100.0235,0.0131
11.42,100.0097,100.0236,0.0139
11.44,100.0097,100.0237,0.014
11.46,100.0091,100.0238,0.0146
11.48,100.0091,100.0238,0.0147
11.5,100.0084,100.0239,0.0154
11.52,100.0084,100.0239,0.0154
11.540000000000001,100.0078,100.0239,0.0161
11.56,100.0078,100.0239,0.016
11.58,100.0072,100.0239,0.0167
11.6,100.0072,100.0239,0.0167
11.620000000000001,100.0066,100.0239,0.0173
11.64,100.0066,100.0239,0.0173
11.66,100.0059,100.0239,0.0179
11.68,100.0059,100.0238,0.0178
11.700000000000001,100.0053,100.0238,0.0184
11.72,100.0053,100.0237,0.0183
11.74,100.0047,100.0236,0.0189
11.76,100.0047,100.0236,0.0189
11.78,100.004,100.0237,0.0196
11.8,100.004,100.0237,0.0196
11.82,100.0034,100.0236,0.0202
11.84,100.0034,100.0236,0.0202
11.86,100.0028,100.0236,0.0208
11.88,100.0028,100.0236,0.0208
11.9,100.0021,100.0236,0.0214
11.92,100.0021,100.0236,0.0214
11.94,100.0015,100.0236,0.022
11.96,100.0015,100.0236,0.022
11.98,100.0009,100.0235,0.0226
12.0,100.0009,100.0236,0.0226
12.02,100.0002,100.0235,0.0232
12.040000000000001,100.0002,100.0235,0.0232
12.06,99.9996,100.0235,0.0239
12.08,99.9996,100.0236,0.0239
12.1,99.999,100.0236,0.0246
12.120000000000001,99.999,100.0237,0.0246
12.14,99.9984,100.0237,0.0253
12.16,99.9984,100.0237,0.0253
12.18,99.9977,100.0237,0.0259
12.200000000000001,99.9977,100.0238,0.026
12.22,99.9971,100.0238,0.0267
12.24,99.9971,100.0238,0.0267
12.26,99.9965,100.0239,0.0274
12.280000000000001,99.9965,100.024,0.0274
12.3,99.9958,100.0241,0.0282
12.32,99.9958,100.0241,0.0282
12.34,99.9952,100.0242,0.029
12.36,99.9952,100.0243,0.0291
12.38,99.9946,100.0244,0.0297
12.4,99.9946,100.0245,0.0299
12.42,99.9939,100.0246,0.0306
12.44,99.9939,100.0247,0.0307
12.46,99.9933,100.0248,0.0314
12.48,99.9933,100.0248,0.0315
12.5,99.9927,100.025,0.0323
12.52,99.9927,100.0251,0.0324
12.540000000000001,99.992,100.0252,0.0332
12.56,99.992,100.0254,0.0333
12.58,99.9914,100.0255,0.034
12.6,99.9914,100.0256,0.0342
12.620000000000001,99.9908,100.0258,0.0349
12.64,99.9908,100.0259,0.0351
12.66,99.9902,100.026,0.0358
12.68,99.9902,100.0262,0.036
12.700000000000001,99.9895,100.0263,0.0367
12.72,99.9895,100.0264,0.0368
12.74,99.9889,100.0265,0.0375
12.76,99.9889,100.0266,0.0376
12.780000000000001,99.9883,100.0267,0.0383
12.8,99.9883,100.0268,0.0385
12.82,99.9876,100.0269,0.0392
12.84,99.9876,100.027,0.0393
12.86,99.987,100.0271,0.04
12.88,99.987,100.0272,0.0401
12.9,99.9864,100.0273,0.0409
12.92,99.9864,100.0274,0.041
12.94,99.9857,100.0275,0.0417
12.96,99.9857,100.0276,0.0418
12.98,99.9851,100.0277,0.0426
13.0,99.9851,100.0278,0.0427
13.02,99.9845,100.0279,0.0433
13.040000000000001,99.9845,100.0279,0.0434
13.06,99.9839,100.028,0.0441
13.08,99.9839,100.0281,0.0442
13.1,99.9832,100.0281,0.0449
13.120000000000001,99.9832,100.0282,0.0449
13.14,99.9826,100.0283,0.0456
13.16,99.9826,100.0283,0.0457
13.18,99.982,100.0284,0.0464
13.200000000000001,99.982,100.0285,0.0464
13.22,99.9813,100.0285,0.0471
13.24,99.9813,100.0285,0.0471
13.26,99.9807,100.0286,0.0478
13.280000000000001,99.9807,100.0286,0.0478
13.3,99.9801,100.0287,0.0485
13.32,99.9801,100.0287,0.0486
13.34,99.9795,100.0287,0.0492
13.36,99.9795,100.0287,0.0492
13.38,99.9788,100.0287,0.0498
13.4,99.9788,100.0287,0.0498
13.42,99.9782,100.0287,0.0504
13.44,99.9782,100.0286,0.0504
13.46,99.9776,100.0286,0.051
13.48,99.9776,100.0286,0.051
13.5,99.9769,100.0286,0.0516
13.52,99.9769,100.0286,0.0516
13.540000000000001,99.9763,100.0285,0.0522
13.56,99.9763,100.0285,0.0522
13.58,99.9757,100.0285,0.0528
13.6,99.9757,100.0285,0.0528
13.620000000000001,99.975,100.0285,0.0534
13.64,99.975,100.0285,0.0535
13.66,99.9744,100.0285,0.0541
13.68,99.9744,100.0284,0.054
13.700000000000001,99.9738,100.0283,0.0545
13.72,99.9738,100.0283,0.0544
13.74,99.9732,100.0282,0.0551
13.76,99.9732,100.0282,0.055
13.780000000000001,99.9725,100.0281,0.0555
13.8,99.9725,100.0281,0.0555
13.82,99.9719,100.028,0.0561
13.84,99.9719,100.028,0.056
13.86,99.9713,100.0279,0.0566
13.88,99.9713,100.0278,0.0565
13.9,99.9706,100.0277,0.057
13.92,99.9706,100.0276,0.0569
13.94,99.97,100.0275,0.0575
13.96,99.97,100.0275,0.0575
13.98,99.9694,100.0274,0.058
14.0,99.9694,100.0274,0.058
14.02,99.9687,100.0273,0.0586
14.040000000000001,99.9687,100.0273,0.0585
14.06,99.9681,100.0272,0.0591
14.08,99.9681,100.0272,0.059
14.1,99.9675,100.0271,0.0596
14.120000000000001,99.9675,100.027,0.0595
14.14,99.9668,100.027,0.0601
14.16,99.9668,100.0269,0.06
14.18,99.9662,100.0268,0.0606
14.200000000000001,99.9662,100.0268,0.0605
14.22,99.9656,100.0267,0.0611
14.24,99.9656,100.0266,0.061
14.26,99.965,100.0266,0.0615
14.280000000000001,99.965,100.0265,0.0615
14.3,99.9643,100.0264,0.062
14.32,99.9643,100.0264,0.062
14.34,99.9637,100.0264,0.0626
14.36,99.9637,100.0264,0.0626
14.38,99.9631,100.0263,0.0632
14.4,99.9631,100.0263,0.0632
14.42,99.9624,100.0263,0.0638
14.44,99.9624,100.0263,0.0638
14.46,99.9618,100.0262,0.0644
14.48,99.9618,100.0262,0.0643
14.5,99.9612,100.0261,0.0649
14.52,99.9612,100.0261,0.0649
14.540000000000001,99.9606,100.0261,0.0655
14.56,99.9606,100.0261,0.0655
14.58,99.96,100.0261,0.0661
14.6,99.96,100.026,0.066
14.620000000000001,99.9593,100.0261,0.0667
14.64,99.9593,100.026,0.0666
14.66,99.9587,100.0261,0.0673
14.68,99.9587,100.026,0.0672
14.700000000000001,99.9582,100.0261,0.0678
14.72,99.9582,100.0261,0.0679
14.74,99.9576,100.0261,0.0684
14.76,99.9576,100.0261,0.0685
14.780000000000001,99.957,100.0261,0.069
14.8,99.957,100.0261,0.0691
14.82,99.9565,100.0262,0.0697
14.84,99.9565,100.0262,0.0697
14.86,99.956,100.0263,0.0702
14.88,99.956,100.0263,0.0703
14.9,99.9555,100.0263,0.0708
14.92,99.9555,100.0264,0.0709
14.94,99.955,100.0264,0.0714
14.96,99.955,100.0265,0.0714
14.98,99.9545,100.0264,0.0719
15.0,99.9545,100.0265,0.0719
15.02,99.9541,100.0265,0.0724
15.040000000000001,99.9541,100.0265,0.0724
15.06,99.9536,100.0266,0.0729
15.08,99.9536,100.0266,0.0729
15.1,99.9532,100.0265,0.0732
15.120000000000001,99.9532,100.0265,0.0732
15.14,99.9529,100.0265,0.0736
15.16,99.9529,100.0264,0.0735
15.18,99.9525,100.0263,0.0737
15.200000000000001,99.9525,100.0263,0.0737
15.22,99.9522,100.0262,0.0739
15.24,99.9522,100.0261,0.0738
15.26,99.9519,100.026,0.0741
15.280000000000001,99.9519,100.026,0.074
15.3,99.9516,100.0259,0.0743
15.32,99.9516,100.0259,0.0742
15.34,99.9514,100.0258,0.0744
15.36,99.9514,100.0257,0.0743
15.38,99.9511,100.0256,0.0744
15.4,99.9511,100.0255,0.0743
15.42,99.9509,100.0255,0.0745
15.44,99.9509,100.0253,0.0743
15.46,99.9508,100.0253,0.0745
15.48,99.9508,100.0251,0.0743
15.5,99.9506,100.025,0.0744
15.52,99.9506,100.025,0.0743
15.540000000000001,99.9505,100.0248,0.0743
15.56,99.9505,100.0247,0.0742
15.58,99.9503,100.0245,0.0741
15.6,99.9503,100.0243,0.0739
15.620000000000001,99.9502,100.0242,0.0739
15.64,99.9502,100.024,0.0737
15.66,99.9502,100.0238,0.0736
15.68,99.9502,100.0236,0.0734
15.700000000000001,99.9501,100.0234,0.0733
15.72,99.9501,100.0232,0.0731
15.74,99.95,100.0231,0.073
15.76,99.95,100.0229,0.0728
15.780000000000001,99.95,100.0227,0.0726
15.8,99.95,100.0225,0.0724
15.82,99.95,100.0223,0.0722
15.84,99.95,100.0221,0.072
15.860000000000001,99.95,100.0219,0.0719
15.88,99.95,100.0217,0.0717
15.9,99.9499,100.0215,0.0715
15.92,99.9499,100.0214,0.0714
15.94,99.9499,100.0211,0.0711
15.96,99.9499,100.0209,0.0709
15.98,99.9499,100.0207,0.0707
